{
  "urls": [
    "sprite_assets.ogg",
    "sprite_assets.mp3"
  ],
  "sprite": {
    "correct": [
      0,
      1593.4693877551022
    ],
    "failed": [
      3000,
      2040
    ],
    "passed": [
      7000,
      2063.673469387755
    ],
    "wrong": [
      11000,
      1018.7755102040815
    ]
  }
}